Mean, Q1, Median, Q3, InterQuantileRange, Min, Max,STD,MAD
0.5328,0.3201,0.6005,0.7647,0.4445,0.0,1.0,0.3005,0.2529
0.07536,0.0,0.0,0.06007,0.0600,0.0,1.0,0.1664,0.1087
0.8182,0.6850,1.0,1.0,0.3149,0.0,1.0,0.2840,0.2321
0.9342,1.0,1.0,1.0,0.0,0.0,1.0,0.2175,0.1185
0.6133,0.3711,0.7155,0.9055,0.5344,0.0,0.9997,0.3356,0.2874
0.9586,0.9925,1.0,1.0,0.0074,0.2806,1.0,0.1036,0.0637
