Mean, Q1, Median, Q3, InterQuantileRange, Min, Max,STD,MAD
0.4270,0.03007,0.45125,0.7263,0.696225,0.0,1.0,0.3318,0.2949
0.0036,0.0,0.0,0.0,0.0,0.0,0.7547,0.0276,0.0070
0.1861,0.0,0.04715,0.2765,0.2765,0.0,1.0,0.2732,0.2059
0.2604,0.0,0.0137,0.3324,0.3324,0.0,1.0,0.3998,0.3339
0.0732,0.0,0.0,0.0,0.0,0.0,0.9979,0.1942,0.1214
0.5621,0.3254,0.5350,0.8541,0.5286,0.0,1.0,0.3084,0.2626
